year;row;raw;from;to;precision;style;status
1917;1;24–26 октября;1917-10-24;1917-10-26;day;single;ok
1917;2;25–27 октября;1917-10-25;1917-10-27;day;single;ok
1917;3;25–26 октября;1917-10-25;1917-10-26;day;single;ok
1917;4;25 октября – 2 ноября;1917-10-25;1917-11-02;day;single;ok
1917;5;Конец октября – начало ноября;1917-10-21;1917-11-10;decade;single;порядок: дата раньше предыдущей (неточная дата — так у заказчика)
1917;6;26 октября;1917-10-26;1917-10-26;day;single;ok
1917;7;26–1 ноября;1917-10-26;1917-11-01;day;single;ok
1917;8;27 октября;1917-10-27;1917-10-27;day;single;ok
1917;9;29 октября;1917-10-29;1917-10-29;day;single;ok
1917;10;Ноябрь;1917-11-01;1917-11-30;month;single;ok
1917;11;2 ноября;1917-11-02;1917-11-02;day;single;ok
1917;12;7 ноября;1917-11-07;1917-11-07;day;single;ok
1917;13;7 ноября;1917-11-07;1917-11-07;day;single;ok
1917;14;12 ноября;1917-11-12;1917-11-12;day;single;ok
1917;15;14 ноября;1917-11-14;1917-11-14;day;single;ok
1917;16;15 ноября;1917-11-15;1917-11-15;day;single;ok
1917;17;15 ноября;1917-11-15;1917-11-15;day;single;ok
1917;18;19–28 ноября;1917-11-19;1917-11-28;day;single;ok
1917;19;20 ноября;1917-11-20;1917-11-20;day;single;ok
1917;20;23 ноября;1917-11-23;1917-11-23;day;single;ok
1917;21;23 ноября (6 декабря);1917-11-23;1917-11-23;day;dual;ok
1917;22;27 ноября;1917-11-27;1917-11-27;day;single;ok
1917;23;28 ноября;1917-11-28;1917-11-28;day;single;ok
1917;24;Декабрь;1917-12-01;1917-12-31;month;single;ok
1917;25;Начало декабря;1917-12-01;1917-12-10;decade;single;ok
1917;26;2 декабря;1917-12-02;1917-12-02;day;single;ok
1917;27;2 декабря;1917-12-02;1917-12-02;day;single;ok
1917;28;4 декабря;1917-12-04;1917-12-04;day;single;ok
1917;29;5–13 декабря;1917-12-05;1917-12-13;day;single;ok
1917;30;7 декабря;1917-12-07;1917-12-07;day;single;ok
1917;31;11 декабря;1917-12-11;1917-12-11;day;single;ok
1917;32;14 декабря;1917-12-14;1917-12-14;day;single;ok
1917;33;18(31) декабря;1917-12-18;1917-12-18;day;dual;ok
1917;34;18 декабря;1917-12-18;1917-12-18;day;single;ok
1917;35;25 декабря;1917-12-25;1917-12-25;day;single;ok
1918;1;Январь;1918-01-01;1918-01-31;month;single;ok
1918;2;1 января;1918-01-01;1918-01-01;day;single;ok
1918;3;3 января;1918-01-03;1918-01-03;day;single;ok
1918;4;5–6 января;1918-01-05;1918-01-06;day;single;ok
1918;5;7 января;1918-01-07;1918-01-07;day;single;ok
1918;6;9 января;1918-01-09;1918-01-09;day;single;ok
1918;7;9–12 января;1918-01-09;1918-01-12;day;single;ok
1918;8;10–18 января;1918-01-10;1918-01-18;day;single;ok
1918;9;12 января;1918-01-12;1918-01-12;day;single;ok
1918;10;15 (28) января;1918-01-15;1918-01-15;day;dual;ok
1918;11;16 января;1918-01-16;1918-01-16;day;single;ok
1918;12;18 января;1918-01-18;1918-01-18;day;single;ok
1918;13;20 января;1918-01-20;1918-01-20;day;single;ok
1918;14;24 января;1918-01-24;1918-01-24;day;single;ok
1918;15;27 января (9 февраля);1918-01-27;1918-01-27;day;dual;ok
1918;16;28 января;1918-01-28;1918-01-28;day;single;ok
1918;17;28 января;1918-01-28;1918-01-28;day;single;ok
1918;18;29 января;1918-01-29;1918-01-29;day;single;ok
1918;19;29 января;1918-01-29;1918-01-29;day;single;ok
1918;20;30 января;1918-01-30;1918-01-30;day;single;ok
1918;21;Февраль;1918-02-01;1918-02-28;month;single;ok
1918;22;16 февраля;1918-02-16;1918-02-16;day;single;ok
1918;23;18 февраля;1918-02-18;1918-02-18;day;single;ok
1918;24;21 февраля;1918-02-21;1918-02-21;day;single;ok
1918;25;22 февраля;1918-02-22;1918-02-22;day;single;ok
1918;26;23 февраля;1918-02-23;1918-02-23;day;single;ok
1918;27;24 февраля;1918-02-24;1918-02-24;day;single;ok
1918;28;25 февраля;1918-02-25;1918-02-25;day;single;ok
1918;29;Февраль–март;1918-02-01;1918-03-31;month;single;порядок: дата раньше предыдущей (неточная дата — так у заказчика)
1918;30;Март;1918-03-01;1918-03-31;month;single;ok
1918;31;Март;1918-03-01;1918-03-31;month;single;ok
1918;32;3 марта;1918-03-03;1918-03-03;day;single;ok
1918;33;6 марта;1918-03-06;1918-03-06;day;single;ok
1918;34;6–8 марта;1918-03-06;1918-03-08;day;single;ok
1918;35;6–12 марта;1918-03-06;1918-03-12;day;single;ok
1918;36;10 марта;1918-03-10;1918-03-10;day;single;ok
1918;37;13 марта;1918-03-13;1918-03-13;day;single;ok
1918;38;14 марта;1918-03-14;1918-03-14;day;single;ok
1918;39;15 марта;1918-03-15;1918-03-15;day;single;ok
1918;40;23 марта;1918-03-23;1918-03-23;day;single;ok
1918;41;25 марта;1918-03-25;1918-03-25;day;single;ok
1918;42;26 марта;1918-03-26;1918-03-26;day;single;ok
1918;43;Конец марта;1918-03-21;1918-03-31;decade;single;порядок: дата раньше предыдущей (неточная дата — так у заказчика)
1918;44;Март–апрель;1918-03-01;1918-04-30;month;single;порядок: дата раньше предыдущей (неточная дата — так у заказчика)
1918;45;Апрель;1918-04-01;1918-04-30;month;single;ok
1918;46;4 апреля;1918-04-04;1918-04-04;day;single;ok
1918;47;5 апреля;1918-04-05;1918-04-05;day;single;ok
1918;48;9 апреля;1918-04-09;1918-04-09;day;single;ok
1918;49;12 апреля;1918-04-12;1918-04-12;day;single;ok
1918;50;12–13 апреля;1918-04-12;1918-04-13;day;single;ok
1918;51;13 апреля;1918-04-13;1918-04-13;day;single;ok
1918;52;22 апреля;1918-04-22;1918-04-22;day;single;ok
1918;53;25 апреля;1918-04-25;1918-04-25;day;single;ok
1918;54;28–30 апреля;1918-04-28;1918-04-30;day;single;ok
1918;55;30 апреля;1918-04-30;1918-04-30;day;single;ok
1918;56;Конец апреля;1918-04-21;1918-04-30;decade;single;порядок: дата раньше предыдущей (неточная дата — так у заказчика)
1918;57;Май–июнь;1918-05-01;1918-06-30;month;single;ok
1918;58;4 мая;1918-05-04;1918-05-04;day;single;ok
1918;59;8 мая;1918-05-08;1918-05-08;day;single;ok
1918;60;9 мая;1918-05-09;1918-05-09;day;single;ok
1918;61;10 мая;1918-05-10;1918-05-10;day;single;ok
1918;62;11 мая;1918-05-11;1918-05-11;day;single;ok
1918;63;11 мая;1918-05-11;1918-05-11;day;single;ok
1918;64;13 мая;1918-05-13;1918-05-13;day;single;ok
1918;65;16 мая;1918-05-16;1918-05-16;day;single;ok
1918;66;18 мая;1918-05-18;1918-05-18;day;single;ok
1918;67;25 мая;1918-05-25;1918-05-25;day;single;ok
1918;68;26 мая;1918-05-26;1918-05-26;day;single;ok
1918;69;27 мая;1918-05-27;1918-05-27;day;single;ok
1918;70;29 мая;1918-05-29;1918-05-29;day;single;ok
1918;71;30 мая;1918-05-30;1918-05-30;day;single;ok
1918;72;Май–июнь;1918-05-01;1918-06-30;month;single;порядок: дата раньше предыдущей (неточная дата — так у заказчика)
1918;73;8 июня;1918-06-08;1918-06-08;day;single;ok
1918;74;11 июня;1918-06-11;1918-06-11;day;single;ok
1918;75;14 июня;1918-06-14;1918-06-14;day;single;ok
1918;76;18 июня;1918-06-18;1918-06-18;day;single;ok
1918;77;20 июня;1918-06-20;1918-06-20;day;single;ok
1918;78;28 июня;1918-06-28;1918-06-28;day;single;ok
1918;79;30 июня;1918-06-30;1918-06-30;day;single;ok
1918;80;3 июля;1918-07-03;1918-07-03;day;single;ok
1918;81;6 июля;1918-07-06;1918-07-06;day;single;ok
1918;82;6–21 июля;1918-07-06;1918-07-21;day;single;ok
1918;83;7 июля;1918-07-07;1918-07-07;day;single;ok
1918;84;7 июля;1918-07-07;1918-07-07;day;single;ok
1918;85;10 июля;1918-07-10;1918-07-10;day;single;ok
1918;86;11–12 июля;1918-07-11;1918-07-12;day;single;ok
1918;87;17 июля;1918-07-17;1918-07-17;day;single;ok
1918;88;18 июля;1918-07-18;1918-07-18;day;single;ok
1918;89;21 июля;1918-07-21;1918-07-21;day;single;ok
1918;90;26 июля;1918-07-26;1918-07-26;day;single;ok
1918;91;Конец июля;1918-07-21;1918-07-31;decade;single;порядок: дата раньше предыдущей (неточная дата — так у заказчика)
1918;92;Начало августа;1918-08-01;1918-08-10;decade;single;ok
1918;93;2 августа;1918-08-02;1918-08-02;day;single;ok
1918;94;4 августа;1918-08-04;1918-08-04;day;single;ok
1918;95;6 августа;1918-08-06;1918-08-06;day;single;ok
1918;96;8 августа;1918-08-08;1918-08-08;day;single;ok
1918;97;19 августа;1918-08-19;1918-08-19;day;single;ok
1918;98;23 августа;1918-08-23;1918-08-23;day;single;ok
1918;99;26 августа;1918-08-26;1918-08-26;day;single;ok
1918;100;30 августа;1918-08-30;1918-08-30;day;single;ok
1918;101;31 августа;1918-08-31;1918-08-31;day;single;ok
1918;102;2 сентября;1918-09-02;1918-09-02;day;single;ok
1918;103;5 сентября;1918-09-05;1918-09-05;day;single;ok
1918;104;5 сентября;1918-09-05;1918-09-05;day;single;ok
1918;105;6 сентября;1918-09-06;1918-09-06;day;single;ok
1918;106;12 сентября;1918-09-12;1918-09-12;day;single;ok
1918;107;15 сентября;1918-09-15;1918-09-15;day;single;ok
1918;108;22 сентября;1918-09-22;1918-09-22;day;single;ok
1918;109;Конец сентября;1918-09-21;1918-09-30;decade;single;порядок: дата раньше предыдущей (неточная дата — так у заказчика)
1918;110;Сентябрь–октябрь;1918-09-01;1918-10-31;month;single;порядок: дата раньше предыдущей (неточная дата — так у заказчика)
1918;111;8–23 сентября;1918-09-08;1918-09-23;day;single;ok
1918;112;7 октября;1918-10-07;1918-10-07;day;single;ok
1918;113;10 октября;1918-10-10;1918-10-10;day;single;ok
1918;114;17 октября;1918-10-17;1918-10-17;day;single;ok
1918;115;22 октября;1918-10-22;1918-10-22;day;single;ok
1918;116;26 октября;1918-10-26;1918-10-26;day;single;ok
1918;117;30 октября;1918-10-30;1918-10-30;day;single;ok
1918;118;3 ноября;1918-11-03;1918-11-03;day;single;ok
1918;119;11 ноября;1918-11-11;1918-11-11;day;single;ok
1918;120;13 ноября;1918-11-13;1918-11-13;day;single;ok
1918;121;14 ноября;1918-11-14;1918-11-14;day;single;ok
1918;122;14 ноября;1918-11-14;1918-11-14;day;single;ok
1918;123;15 ноября;1918-11-15;1918-11-15;day;single;ok
1918;124;18 ноября;1918-11-18;1918-11-18;day;single;ok
1918;125;18 ноября;1918-11-18;1918-11-18;day;single;ok
1918;126;23 ноября;1918-11-23;1918-11-23;day;single;ok
1918;127;28 ноября;1918-11-28;1918-11-28;day;single;ok
1918;128;Ноябрь;1918-11-01;1918-11-30;month;single;порядок: дата раньше предыдущей (неточная дата — так у заказчика)
1918;129;Ноябрь – декабрь;1918-11-01;1918-12-31;month;single;ok
1918;130;Ноябрь – январь 1919 г.;1918-11-01;1919-01-31;month;single;ok
1918;131;29 ноября;1918-11-29;1918-11-29;day;single;ok
1918;132;30 ноября;1918-11-30;1918-11-30;day;single;ok
1918;133;5 декабря;1918-12-05;1918-12-05;day;single;ok
1918;134;14 декабря;1918-12-14;1918-12-14;day;single;ok
1918;135;16 декабря;1918-12-16;1918-12-16;day;single;ok
1918;136;17 декабря;1918-12-17;1918-12-17;day;single;ok
1918;137;22 декабря;1918-12-22;1918-12-22;day;single;ok
1918;138;24 декабря;1918-12-24;1918-12-24;day;single;ok
1918;139;28 декабря;1918-12-28;1918-12-28;day;single;ok
1919;1;Январь;1919-01-01;1919-01-31;month;single;ok
1919;2;1 января;1919-01-01;1919-01-01;day;single;ok
1919;3;3 января;1919-01-03;1919-01-03;day;single;ok
1919;4;6 января;1919-01-06;1919-01-06;day;single;ok
1919;5;8 января;1919-01-08;1919-01-08;day;single;ok
1919;6;10–12 января;1919-01-10;1919-01-12;day;single;ok
1919;7;11 января;1919-01-11;1919-01-11;day;single;ok
1919;8;11 января;1919-01-11;1919-01-11;day;single;ok
1919;9;11 января;1919-01-11;1919-01-11;day;single;ok
1919;10;13 января;1919-01-13;1919-01-13;day;single;ok
1919;11;15 января;1919-01-15;1919-01-15;day;single;ok
1919;12;16 января;1919-01-16;1919-01-16;day;single;ok
1919;13;19–25 января;1919-01-19;1919-01-25;day;single;ok
1919;14;19–28 января;1919-01-19;1919-01-28;day;single;ok
1919;15;22 января;1919-01-22;1919-01-22;day;single;ok
1919;16;31 января;1919-01-31;1919-01-31;day;single;ok
1919;17;Январь–начало февраля;1919-01-01;1919-02-10;decade;single;порядок: дата раньше предыдущей (неточная дата — так у заказчика)
1919;18;Январь–февраль;1919-01-01;1919-02-28;month;single;ok
1919;19;5 февраля;1919-02-05;1919-02-05;day;single;ok
1919;20;11 февраля;1919-02-11;1919-02-11;day;single;ok
1919;21;Середина февраля;1919-02-11;1919-02-20;decade;single;ok
1919;22;15 февраля;1919-02-15;1919-02-15;day;single;ok
1919;23;16–18 февраля;1919-02-16;1919-02-18;day;single;ok
1919;24;27 февраля;1919-02-27;1919-02-27;day;single;ok
1919;25;2–6 марта;1919-03-02;1919-03-06;day;single;ok
1919;26;3 марта;1919-03-03;1919-03-03;day;single;ok
1919;27;4 марта;1919-03-04;1919-03-04;day;single;ok
1919;28;10 марта;1919-03-10;1919-03-10;day;single;ok
1919;29;11 марта – 8 июня;1919-03-11;1919-06-08;day;single;ok
1919;30;13 марта;1919-03-13;1919-03-13;day;single;ok
1919;31;16 марта;1919-03-16;1919-03-16;day;single;ok
1919;32;18–23 марта;1919-03-18;1919-03-23;day;single;ok
1919;33;20 марта;1919-03-20;1919-03-20;day;single;ok
1919;34;23 марта;1919-03-23;1919-03-23;day;single;ok
1919;35;Апрель;1919-04-01;1919-04-30;month;single;ok
1919;36;5–13 апреля;1919-04-05;1919-04-13;day;single;ok
1919;37;6 апреля;1919-04-06;1919-04-06;day;single;ok
1919;38;16 апреля;1919-04-16;1919-04-16;day;single;ok
1919;39;21 апреля;1919-04-21;1919-04-21;day;single;ok
1919;40;28 апреля – 20 июня;1919-04-28;1919-06-20;day;single;ok
1919;41;30 апреля;1919-04-30;1919-04-30;day;single;ok
1919;42;7–31 мая;1919-05-07;1919-05-31;day;single;ok
1919;43;13 мая – 26 августа;1919-05-13;1919-08-26;day;single;ok
1919;44;19 мая;1919-05-19;1919-05-19;day;single;ok
1919;45;22 мая;1919-05-22;1919-05-22;day;single;ok
1919;46;Конец мая – июнь;1919-05-21;1919-06-30;decade;single;порядок: дата раньше предыдущей (неточная дата — так у заказчика)
1919;47;25 мая – 20 июня;1919-05-25;1919-06-20;day;single;ok
1919;48;Июнь;1919-06-01;1919-06-30;month;single;ok
1919;49;5 июня;1919-06-05;1919-06-05;day;single;ok
1919;50;6 июня;1919-06-06;1919-06-06;day;single;ok
1919;51;12–18 июня;1919-06-12;1919-06-18;day;single;ok
1919;52;29 июня;1919-06-29;1919-06-29;day;single;ok
1919;53;19–23 июня;1919-06-19;1919-06-23;day;single;порядок: дата раньше предыдущей (неточная дата — так у заказчика)
1919;54;24 июня – 13 июля;1919-06-24;1919-07-13;day;single;ok
1919;55;27 июня – 8 июля;1919-06-27;1919-07-08;day;single;ok
1919;56;30 июня;1919-06-30;1919-06-30;day;single;ok
1919;57;Июль;1919-07-01;1919-07-31;month;single;ok
1919;58;1 июля;1919-07-01;1919-07-01;day;single;ok
1919;59;3 июля;1919-07-03;1919-07-03;day;single;ok
1919;60;17 июля – 4 августа;1919-07-17;1919-08-04;day;single;ok
1919;61;27 июля;1919-07-27;1919-07-27;day;single;ok
1919;62;29 июля;1919-07-29;1919-07-29;day;single;ok
1919;63;30 июля;1919-07-30;1919-07-30;day;single;ok
1919;64;Август;1919-08-01;1919-08-31;month;single;ok
1919;65;6 августа;1919-08-06;1919-08-06;day;single;ok
1919;66;10 августа – 19 сентября;1919-08-10;1919-09-19;day;single;ok
1919;67;11 августа;1919-08-11;1919-08-11;day;single;ok
1919;68;14 августа– 12 сентября;1919-08-14;1919-09-12;day;single;ok
1919;69;14 августа;1919-08-14;1919-08-14;day;single;ok
1919;70;19 августа;1919-08-19;1919-08-19;day;single;ok
1919;71;20 августа;1919-08-20;1919-08-20;day;single;ok
1919;72;23 августа;1919-08-23;1919-08-23;day;single;ok
1919;73;30 августа;1919-08-30;1919-08-30;day;single;ok
1919;74;31 августа;1919-08-31;1919-08-31;day;single;ok
1919;75;5 сентября;1919-09-05;1919-09-05;day;single;ok
1919;76;5 сентября;1919-09-05;1919-09-05;day;single;ok
1919;77;13 сентября;1919-09-13;1919-09-13;day;single;ok
1919;78;13 сентября;1919-09-13;1919-09-13;day;single;ok
1919;79;15 сентября;1919-09-15;1919-09-15;day;single;ok
1919;80;19 сентября;1919-09-19;1919-09-19;day;single;ok
1919;81;20 сентября;1919-09-20;1919-09-20;day;single;ok
1919;82;25 сентября;1919-09-25;1919-09-25;day;single;ok
1919;83;28 сентября;1919-09-28;1919-09-28;day;single;ok
1919;84;1 октября;1919-10-01;1919-10-01;day;single;ok
1919;85;7 октября;1919-10-07;1919-10-07;day;single;ok
1919;86;7–16 октября;1919-10-07;1919-10-16;day;single;ok
1919;87;11 октября;1919-10-11;1919-10-11;day;single;ok
1919;88;14 октября;1919-10-14;1919-10-14;day;single;ok
1919;89;19 октября;1919-10-19;1919-10-19;day;single;ok
1919;90;22 октября;1919-10-22;1919-10-22;day;single;ok
1919;91;25 октября;1919-10-25;1919-10-25;day;single;ok
1919;92;2 ноября;1919-11-02;1919-11-02;day;single;ok
1919;93;3–4 ноября;1919-11-03;1919-11-04;day;single;ok
1919;94;12 ноября;1919-11-12;1919-11-12;day;single;ok
1919;95;14 ноября;1919-11-14;1919-11-14;day;single;ok
1919;96;14 ноября;1919-11-14;1919-11-14;day;single;ok
1919;97;17 ноября;1919-11-17;1919-11-17;day;single;ok
1919;98;19 ноября;1919-11-19;1919-11-19;day;single;ok
1919;99;20 ноября – 16 декабря;1919-11-20;1919-12-16;day;single;ok
1919;100;24 ноября – 12 декабря;1919-11-24;1919-12-12;day;single;ok
1919;101;1 декабря;1919-12-01;1919-12-01;day;single;ok
1919;102;5 декабря;1919-12-05;1919-12-05;day;single;ok
1919;103;8 декабря;1919-12-08;1919-12-08;day;single;ok
1919;104;16 декабря;1919-12-16;1919-12-16;day;single;ok
1919;105;18 декабря;1919-12-18;1919-12-18;day;single;ok
1919;106;19 декабря;1919-12-19;1919-12-19;day;single;ok
1919;107;24 декабря;1919-12-24;1919-12-24;day;single;ok
1920;1;Январь;1920-01-01;1920-01-31;month;single;ok
1920;2;3 января;1920-01-03;1920-01-03;day;single;ok
1920;3;3–10 января;1920-01-03;1920-01-10;day;single;ok
1920;4;4 января;1920-01-04;1920-01-04;day;single;ok
1920;5;5 января;1920-01-05;1920-01-05;day;single;ok
1920;6;7 января;1920-01-07;1920-01-07;day;single;ok
1920;7;10 января;1920-01-10;1920-01-10;day;single;ok
1920;8;11 января – 8 февраля;1920-01-11;1920-02-08;day;single;ok
1920;9;Середина января;1920-01-11;1920-01-20;decade;single;ok
1920;10;16 января;1920-01-16;1920-01-16;day;single;ok
1920;11;17 января;1920-01-17;1920-01-17;day;single;ok
1920;12;21 января;1920-01-21;1920-01-21;day;single;ok
1920;13;22 января;1920-01-22;1920-01-22;day;single;ok
1920;14;30 января;1920-01-30;1920-01-30;day;single;ok
1920;15;31 января;1920-01-31;1920-01-31;day;single;ok
1920;16;2 февраля;1920-02-02;1920-02-02;day;single;ok
1920;17;2 февраля;1920-02-02;1920-02-02;day;single;ok
1920;18;3–8 февраля;1920-02-03;1920-02-08;day;single;ok
1920;19;7 февраля;1920-02-07;1920-02-07;day;single;ok
1920;20;8 февраля;1920-02-08;1920-02-08;day;single;ok
1920;21;18 февраля;1920-02-18;1920-02-18;day;single;ok
1920;22;20 февраля;1920-02-20;1920-02-20;day;single;ok
1920;23;Февраль–март;1920-02-01;1920-03-31;month;single;порядок: дата раньше предыдущей (неточная дата — так у заказчика)
1920;24;Март;1920-03-01;1920-03-31;month;single;ok
1920;25;12 марта;1920-03-12;1920-03-12;day;single;ok
1920;26;13 марта;1920-03-13;1920-03-13;day;single;ok
1920;27;20 марта;1920-03-20;1920-03-20;day;single;ok
1920;28;27 марта;1920-03-27;1920-03-27;day;single;ok
1920;29;Конец марта;1920-03-21;1920-03-31;decade;single;порядок: дата раньше предыдущей (неточная дата — так у заказчика)
1920;30;4 апреля;1920-04-04;1920-04-04;day;single;ok
1920;31;5 апреля;1920-04-05;1920-04-05;day;single;ok
1920;32;6 апреля;1920-04-06;1920-04-06;day;single;ok
1920;33;7 апреля;1920-04-07;1920-04-07;day;single;ok
1920;34;11 апреля;1920-04-11;1920-04-11;day;single;ok
1920;35;22 апреля;1920-04-22;1920-04-22;day;single;ok
1920;36;25 апреля;1920-04-25;1920-04-25;day;single;ok
1920;37;26 апреля;1920-04-26;1920-04-26;day;single;ok
1920;38;28 апреля;1920-04-28;1920-04-28;day;single;ok
1920;39;7 мая;1920-05-07;1920-05-07;day;single;ok
1920;40;11 мая;1920-05-11;1920-05-11;day;single;ok
1920;41;22 мая – 3 июня;1920-05-22;1920-06-03;day;single;ok
1920;42;5 июня;1920-06-05;1920-06-05;day;single;ok
1920;43;6 июня;1920-06-06;1920-06-06;day;single;ok
1920;44;12 июня;1920-06-12;1920-06-12;day;single;ok
1920;45;3 июля;1920-07-03;1920-07-03;day;single;ok
1920;46;4 июля;1920-07-04;1920-07-04;day;single;ok
1920;47;11 июля;1920-07-11;1920-07-11;day;single;ok
1920;48;12 июля;1920-07-12;1920-07-12;day;single;ok
1920;49;14 июля;1920-07-14;1920-07-14;day;single;ok
1920;50;23 июля;1920-07-23;1920-07-23;day;single;ok
1920;51;31 июля;1920-07-31;1920-07-31;day;single;ok
1920;52;7 августа;1920-08-07;1920-08-07;day;single;ok
1920;53;11 августа;1920-08-11;1920-08-11;day;single;ok
1920;54;13–25 августа;1920-08-13;1920-08-25;day;single;ok
1920;55;14 августа;1920-08-14;1920-08-14;day;single;ok
1920;56;15 августа;1920-08-15;1920-08-15;day;single;ok
1920;57;29 августа – 2 сентября;1920-08-29;1920-09-02;day;single;ok
1920;58;1–8 сентября;1920-09-01;1920-09-08;day;single;ok
1920;59;2 сентября;1920-09-02;1920-09-02;day;single;ok
1920;60;13 сентября;1920-09-13;1920-09-13;day;single;ok
1920;61;19–24 сентября;1920-09-19;1920-09-24;day;single;ok
1920;62;2 октября;1920-10-02;1920-10-02;day;single;ok
1920;63;4–12 октября;1920-10-04;1920-10-12;day;single;ok
1920;64;8 октября;1920-10-08;1920-10-08;day;single;ok
1920;65;14 октября;1920-10-14;1920-10-14;day;single;ok
1920;66;12 октября;1920-10-12;1920-10-12;day;single;порядок: дата раньше предыдущей (неточная дата — так у заказчика)
1920;67;22 октября;1920-10-22;1920-10-22;day;single;ok
1920;68;28 октября;1920-10-28;1920-10-28;day;single;ok
1920;69;28 октября – 11 ноября;1920-10-28;1920-11-11;day;single;ok
1920;70;Октябрь–ноябрь;1920-10-01;1920-11-30;month;single;порядок: дата раньше предыдущей (неточная дата — так у заказчика)
1920;71;7–17 ноября;1920-11-07;1920-11-17;day;single;ok
1920;72;11 ноября;1920-11-11;1920-11-11;day;single;ok
1920;73;13–16 ноября;1920-11-13;1920-11-16;day;single;ok
1920;74;26 ноября;1920-11-26;1920-11-26;day;single;ok
1920;75;29 ноября;1920-11-29;1920-11-29;day;single;ok
1920;76;2 декабря;1920-12-02;1920-12-02;day;single;ok
1920;77;Декабрь;1920-12-01;1920-12-31;month;single;порядок: дата раньше предыдущей (неточная дата — так у заказчика)
1921;1;31 января;1921-01-31;1921-01-31;day;single;ok
1921;2;12 февраля;1921-02-12;1921-02-12;day;single;ok
1921;3;1 марта;1921-03-01;1921-03-01;day;single;ok
1921;4;4 марта;1921-03-04;1921-03-04;day;single;ok
1921;5;5–11 марта;1921-03-05;1921-03-11;day;single;ok
1921;6;7–8 марта;1921-03-07;1921-03-08;day;single;ok
1921;7;15 марта;1921-03-15;1921-03-15;day;single;ok
1921;8;16 марта;1921-03-16;1921-03-16;day;single;ok
1921;9;17–18 марта;1921-03-17;1921-03-18;day;single;ok
1921;10;18 марта;1921-03-18;1921-03-18;day;single;ok
1921;11;18 марта;1921-03-18;1921-03-18;day;single;ok
1921;12;20 мая;1921-05-20;1921-05-20;day;single;ok
1921;13;26 мая;1921-05-26;1921-05-26;day;single;ok
1921;14;Конец мая – начало июня;1921-05-21;1921-06-10;decade;single;порядок: дата раньше предыдущей (неточная дата — так у заказчика)
1921;15;4 июня;1921-06-04;1921-06-04;day;single;ok
1921;16;20 августа;1921-08-20;1921-08-20;day;single;ok
1921;17;28 августа;1921-08-28;1921-08-28;day;single;ok
1921;18;Сентябрь;1921-09-01;1921-09-30;month;single;ok
1921;19;22 декабря;1921-12-22;1921-12-22;day;single;ok
1922;1;5–14 февраля;1922-02-05;1922-02-14;day;single;ok
1922;2;6 февраля;1922-02-06;1922-02-06;day;single;ok
1922;3;12 марта;1922-03-12;1922-03-12;day;single;ok
1922;4;3 апреля;1922-04-03;1922-04-03;day;single;ok
1922;5;10 апреля – 20 мая;1922-04-10;1922-05-20;day;single;ok
1922;6;16 апреля;1922-04-16;1922-04-16;day;single;ok
1922;7;6 июня;1922-06-06;1922-06-06;day;single;ok
1922;8;8 июня – 7 августа;1922-06-08;1922-08-07;day;single;ok
1922;9;10 августа;1922-08-10;1922-08-10;day;single;ok
1922;10;15 июня – 19 июля;1922-06-15;1922-07-19;day;single;порядок: дата раньше предыдущей (неточная дата — так у заказчика)
1922;11;23 июля – 10 августа;1922-07-23;1922-08-10;day;single;ok
1922;12;Начало сентября;1922-09-01;1922-09-10;decade;single;ok
1922;13;Сентябрь;1922-09-01;1922-09-30;month;single;ok
1922;14;Конец сентября;1922-09-21;1922-09-30;decade;single;ok
1922;15;4–25 октября;1922-10-04;1922-10-25;day;single;ok
1922;16;15 ноября;1922-11-15;1922-11-15;day;single;ok
1922;17;Декабрь;1922-12-01;1922-12-31;month;single;ok
1922;18;13 декабря;1922-12-13;1922-12-13;day;single;ok
1922;19;30 декабря;1922-12-30;1922-12-30;day;single;ok
